{
  "beanie": {
    "anchor": {
      "cx": 0.5022727272727272,
      "cy": 0.06409090909090909,
      "w": 0.225
    }
  },
  "partyhat": {
    "anchor": {
      "cx": 0.5022727272727273,
      "cy": 0.05090909090909091,
      "w": 0.165
    }
  },
  "crown": {
    "anchor": {
      "cx": 0.5045454545454544,
      "cy": 0.0659090909090909,
      "w": 0.29
    }
  },
  "bow": {
    "anchor": {
      "cx": 0.4918181818181818,
      "cy": 0.5154545454545454,
      "w": 0.22
    }
  },
  "glasses": {
    "anchor": {
      "cx": 0.5068181818181818,
      "cy": 0.27090909090909093,
      "w": 0.4
    }
  },
  "bandana": {
    "anchor": {
      "cx": 0.4954545454545453,
      "cy": 0.5431818181818182,
      "w": 0.365
    }
  },
  "collar": {
    "anchor": {
      "cx": 0.4954545454545456,
      "cy": 0.5154545454545455,
      "w": 0.24
    },
    "cropTop": 0
  },
  "scarf": {
    "anchor": {
      "cx": 0.4977272727272727,
      "cy": 0.5904545454545455,
      "w": 0.29
    },
    "cropTop": 0
  },
  "tie": {
    "anchor": {
      "cx": 0.49772727272727285,
      "cy": 0.6063636363636363,
      "w": 0.08
    }
  },
  "spacewhite": {
    "anchor": {
      "cx": 0.4909090909090909,
      "cy": 0.2859090909090909,
      "w": 0.63
    }
  },
  "spaceblue": {
    "anchor": {
      "cx": 0.4931818181818182,
      "cy": 0.2927272727272727,
      "w": 0.64
    }
  },
  "hardhat": {
    "anchor": {
      "cx": 0.4909090909090909,
      "cy": 0.13636363636363635,
      "w": 0.5
    }
  },
  "melon": {
    "anchor": {
      "cx": 0.5,
      "cy": 0.20772727272727273,
      "w": 0.455
    }
  }
}